{"cameraMode":{"drawMode":0,"name":"Shaded","section":"Shading Mode"},"sceneLighting":false,"audioPlay":false,"sceneViewState":{"m_AlwaysRefresh":false,"showFog":true,"showSkybox":true,"showFlares":true,"showImageEffects":true,"showParticleSystems":true,"showVisualEffectGraphs":true,"m_FxEnabled":true},"in2DMode":false,"pivot":{"x":-6.277332782745361,"y":-1.5762667655944825,"z":1.666096806526184},"rotation":{"x":-0.0006002338486723602,"y":0.9992678165435791,"z":-0.016488652676343919,"w":-0.035374753177165988},"size":1.8467642068862916,"orthographic":false}